<?xml version="1.0" encoding="utf-16"?>
<ArrayOfCategory xmlns:xsd="http://www.w3.org/2001/XMLSchema" xmlns:xsi="http://www.w3.org/2001/XMLSchema-instance">
  <Category>
    <Identity>
      <Id>27A4606113F64752AA207AEB9BB2F08C</Id>
      <AutomaticallyPopulate>true</AutomaticallyPopulate>
      <Name>Inscribe</Name>
    </Identity>
    <Description>Inscribe</Description>
    <ResourceAccessList>
      <ResourceAccess>
        <ResourceIdentity>
          <Id>7DF43CCDF24611D2804B00104B71BD15</Id>
          <AutomaticallyPopulate>true</AutomaticallyPopulate>
          <Name>Everyone</Name>
          <ResourceType>GroupOfWorkers</ResourceType>
          <EmailAddress />
          <UserId />
          <ManagerialLevel>0</ManagerialLevel>
        </ResourceIdentity>
        <AccessType>MaintenanceAccess</AccessType>
        <PermissionType>FullControl</PermissionType>
      </ResourceAccess>
    </ResourceAccessList>
    <ParentCategory>
      <Id>F48B516A3A4942DEBF0ECCDE3CFD7C3F</Id>
      <AutomaticallyPopulate>true</AutomaticallyPopulate>
      <Name />
    </ParentCategory>
    <LastModifiedDate>2021-02-10T11:48:28.773</LastModifiedDate>
    <LastModifiedUser>500C72DCC2C8467EA244A0434625E4AA</LastModifiedUser>
    <LastModifiedUserName>Syed.Ahmed</LastModifiedUserName>
  </Category>
  <Category>
    <Identity>
      <Id>F48B516A3A4942DEBF0ECCDE3CFD7C3F</Id>
      <AutomaticallyPopulate>true</AutomaticallyPopulate>
      <Name>Online Document Fraud Detection</Name>
    </Identity>
    <Description>Online Document Fraud Detection</Description>
    <ResourceAccessList>
      <ResourceAccess>
        <ResourceIdentity>
          <Id>7DF43CCDF24611D2804B00104B71BD15</Id>
          <AutomaticallyPopulate>true</AutomaticallyPopulate>
          <Name>Everyone</Name>
          <ResourceType>GroupOfWorkers</ResourceType>
          <EmailAddress />
          <UserId />
          <ManagerialLevel>0</ManagerialLevel>
        </ResourceIdentity>
        <AccessType>MaintenanceAccess</AccessType>
        <PermissionType>FullControl</PermissionType>
      </ResourceAccess>
    </ResourceAccessList>
    <LastModifiedDate>2021-02-10T11:47:13.193</LastModifiedDate>
    <LastModifiedUser>500C72DCC2C8467EA244A0434625E4AA</LastModifiedUser>
    <LastModifiedUserName>Syed.Ahmed</LastModifiedUserName>
  </Category>
</ArrayOfCategory>