<processmaps xmlns:dt="urn:schemas-microsoft-com:datatypes" dbversion="7.800000" parentprocessmapversion="5.000000" parentprocessmapid="15835CD91A42C1737A61F05398DD8DC8"><projectlist /><webservices></webservices><projectlist /><processmap><procdata><mapid>15835CD91A42C1737A61F05398DD8DC8</mapid><mapname>InscribeWorkFlow</mapname><mapauthor>Syed.Ahmed</mapauthor><mapauthorid>500C72DCC2C8467EA244A0434625E4AA</mapauthorid><maptrackstorejvh>0</maptrackstorejvh><helptext></helptext><lastmodified>500C72DCC2C8467EA244A0434625E4AA</lastmodified><allocationalgorithm>0</allocationalgorithm><arrowstyle>0</arrowstyle><arrowweighting>0</arrowweighting><designtimesettings>&lt;designtimesettings&gt;&lt;annotations /&gt;&lt;attachments /&gt;&lt;collaborationnodes /&gt;&lt;groupartifacts /&gt;&lt;pools&gt;&lt;pool&gt;&lt;xposition&gt;25&lt;/xposition&gt;&lt;yposition&gt;25&lt;/yposition&gt;&lt;width&gt;1400&lt;/width&gt;&lt;height&gt;600&lt;/height&gt;&lt;name&gt;New process&lt;/name&gt;&lt;id&gt;559D4A7465EE74AE44514A400773A8E9&lt;/id&gt;&lt;type&gt;0&lt;/type&gt;&lt;lanes&gt;&lt;lane&gt;&lt;name&gt;Lane1&lt;/name&gt;&lt;index&gt;0&lt;/index&gt;&lt;poolid&gt;559D4A7465EE74AE44514A400773A8E9&lt;/poolid&gt;&lt;height&gt;600&lt;/height&gt;&lt;/lane&gt;&lt;/lanes&gt;&lt;/pool&gt;&lt;/pools&gt;&lt;messageflows /&gt;&lt;layoutdirection&gt;Horizontal&lt;/layoutdirection&gt;&lt;layouttype&gt;ProcessTree&lt;/layouttype&gt;&lt;zoomfactor&gt;100&lt;/zoomfactor&gt;&lt;viewactivitycost&gt;False&lt;/viewactivitycost&gt;&lt;viewactivityduration&gt;False&lt;/viewactivityduration&gt;&lt;viewactivityresources&gt;False&lt;/viewactivityresources&gt;&lt;viewgroups&gt;False&lt;/viewgroups&gt;&lt;viewpools&gt;False&lt;/viewpools&gt;&lt;compatiblewithallcasedefversions&gt;0&lt;/compatiblewithallcasedefversions&gt;&lt;startnodes&gt;&lt;startnode&gt;&lt;designtimesettings&gt;&lt;xposition&gt;100&lt;/xposition&gt;&lt;yposition&gt;250&lt;/yposition&gt;&lt;width&gt;30&lt;/width&gt;&lt;height&gt;30&lt;/height&gt;&lt;inheritcolorfromsystem&gt;True&lt;/inheritcolorfromsystem&gt;&lt;colour&gt;#62A716&lt;/colour&gt;&lt;eventtype&gt;Default&lt;/eventtype&gt;&lt;name&gt;Start&lt;/name&gt;&lt;textposition&gt;Top&lt;/textposition&gt;&lt;lane&gt;&lt;name /&gt;&lt;index&gt;0&lt;/index&gt;&lt;poolid /&gt;&lt;height&gt;0&lt;/height&gt;&lt;/lane&gt;&lt;annotations /&gt;&lt;attachments /&gt;&lt;/designtimesettings&gt;&lt;/startnode&gt;&lt;/startnodes&gt;&lt;redraw&gt;False&lt;/redraw&gt;&lt;/designtimesettings&gt;</designtimesettings><attachments></attachments><annotations></annotations><formsections></formsections><form></form><categoryid>27A4606113F64752AA207AEB9BB2F08C</categoryid><targetdays>0</targetdays><targethours>0</targethours><targetmins>0</targetmins><targetsecs>0</targetsecs><priority>1</priority><transactional>0</transactional><backgroundcolour>0</backgroundcolour><version>5.000000</version><cost>0.000000</cost><creationdate>2021-02-18T11:17:58</creationdate><changedate>2021-04-07T10:25:21</changedate><description></description><status>2</status><newmap>0</newmap><archivefinishedjobs>1</archivefinishedjobs><straightthrough>0</straightthrough><poolid>0</poolid><dynexpfinishtimevar></dynexpfinishtimevar><mapmilestonesrvstdtag /><mapmilestonescopetag>0</mapmilestonescopetag><mapmilestonetag /><dynamicbudget></dynamicbudget><budget>0.000000</budget><processtype>0</processtype><processtypestring>BusinessProcess</processtypestring><associatedcaseid></associatedcaseid><associatedcase></associatedcase><latestcaseversion>0.000000</latestcaseversion><prefixvariable>0</prefixvariable><completioneventmapid></completioneventmapid><completioneventmapname></completioneventmapname><assocjobsoncompletion>0</assocjobsoncompletion><sendemail>0</sendemail><emailto>0</emailto><subjecttext></subjecttext><subjectvar></subjectvar><contenttext></contenttext><contentvar></contentvar><urltext></urltext><urlvar></urlvar><appendassocfile>0</appendassocfile><initialisationvariables><initialisationvariable><varname>DOCUMENTFOLDER</varname></initialisationvariable></initialisationvariables><outputvariables /><maintenanceaccess><resource><resourcetype>3</resourcetype><resourcename>Everyone</resourcename><resourceid>7DF43CCDF24611D2804B00104B71BD15</resourceid><serverid>22100ABF1AE1D44C8B2CCEDD97930937</serverid><unavailability>Default</unavailability><accesstype>0</accesstype><seqassignorder>0</seqassignorder><excluded>0</excluded></resource></maintenanceaccess><creationaccess><resource><resourcetype>3</resourcetype><resourcename>Everyone</resourcename><resourceid>7DF43CCDF24611D2804B00104B71BD15</resourceid><serverid>22100ABF1AE1D44C8B2CCEDD97930937</serverid><unavailability>Default</unavailability><accesstype>0</accesstype><seqassignorder>0</seqassignorder><excluded>0</excluded></resource></creationaccess><suspendaccess><resource><resourcetype>3</resourcetype><resourcename>Everyone</resourcename><resourceid>7DF43CCDF24611D2804B00104B71BD15</resourceid><serverid>22100ABF1AE1D44C8B2CCEDD97930937</serverid><unavailability>Default</unavailability><accesstype>0</accesstype><seqassignorder>0</seqassignorder><excluded>0</excluded></resource></suspendaccess><terminateaccess><resource><resourcetype>3</resourcetype><resourcename>Everyone</resourcename><resourceid>7DF43CCDF24611D2804B00104B71BD15</resourceid><serverid>22100ABF1AE1D44C8B2CCEDD97930937</serverid><unavailability>Default</unavailability><accesstype>0</accesstype><seqassignorder>0</seqassignorder><excluded>0</excluded></resource></terminateaccess><restartaccess><resource><resourcetype>3</resourcetype><resourcename>Everyone</resourcename><resourceid>7DF43CCDF24611D2804B00104B71BD15</resourceid><serverid>22100ABF1AE1D44C8B2CCEDD97930937</serverid><unavailability>Default</unavailability><accesstype>0</accesstype><seqassignorder>0</seqassignorder><excluded>0</excluded></resource></restartaccess><holdaccess><resource><resourcetype>3</resourcetype><resourcename>Everyone</resourcename><resourceid>7DF43CCDF24611D2804B00104B71BD15</resourceid><serverid>22100ABF1AE1D44C8B2CCEDD97930937</serverid><unavailability>Default</unavailability><accesstype>0</accesstype><seqassignorder>0</seqassignorder><excluded>0</excluded></resource></holdaccess><customiseaccess /><jobdetailviewaccess><resource><resourcetype>3</resourcetype><resourcename>Everyone</resourcename><resourceid>7DF43CCDF24611D2804B00104B71BD15</resourceid><serverid>22100ABF1AE1D44C8B2CCEDD97930937</serverid><unavailability>Default</unavailability><accesstype>0</accesstype><seqassignorder>0</seqassignorder><excluded>0</excluded></resource></jobdetailviewaccess><scanvrsprofileaccess><resource><resourcetype>3</resourcetype><resourcename>Everyone</resourcename><resourceid>7DF43CCDF24611D2804B00104B71BD15</resourceid><serverid>22100ABF1AE1D44C8B2CCEDD97930937</serverid><unavailability>Default</unavailability><accesstype>0</accesstype><seqassignorder>0</seqassignorder><excluded>0</excluded></resource></scanvrsprofileaccess><separationprofileaccess><resource><resourcetype>3</resourcetype><resourcename>Everyone</resourcename><resourceid>7DF43CCDF24611D2804B00104B71BD15</resourceid><serverid>22100ABF1AE1D44C8B2CCEDD97930937</serverid><unavailability>Default</unavailability><accesstype>0</accesstype><seqassignorder>0</seqassignorder><excluded>0</excluded></resource></separationprofileaccess><updatedocumentcontaineraccess><resource><resourcetype>3</resourcetype><resourcename>Everyone</resourcename><resourceid>7DF43CCDF24611D2804B00104B71BD15</resourceid><serverid>22100ABF1AE1D44C8B2CCEDD97930937</serverid><unavailability>Default</unavailability><accesstype>0</accesstype><seqassignorder>0</seqassignorder><excluded>0</excluded></resource></updatedocumentcontaineraccess><defaultusableresources><resource><resourcetype>3</resourcetype><resourcename>Everyone</resourcename><resourceid>7DF43CCDF24611D2804B00104B71BD15</resourceid><serverid>22100ABF1AE1D44C8B2CCEDD97930937</serverid><unavailability>Default</unavailability><accesstype>0</accesstype><seqassignorder>0</seqassignorder><excluded>0</excluded></resource></defaultusableresources><exceptions><exception><exceptioncode>EXP0004</exceptioncode><processmapid /><processmapname /><description>Invoked when the cost of job exceeds the expected value.</description><version>0.000000</version><serveronly>0</serveronly></exception><exception><exceptioncode>EXP0005</exceptioncode><processmapid /><processmapname /><description>Invoked when a job exceeds its expected duration.</description><version>0.000000</version><serveronly>0</serveronly></exception><exception><exceptioncode>EXP0006</exceptioncode><processmapid /><processmapname /><description>Invoked when an activity exceeds its expected duration.</description><version>0.000000</version><serveronly>0</serveronly></exception><exception><exceptioncode>EXP0009</exceptioncode><processmapid /><processmapname /><description>Invoked when a Script Object fails to execute automatically.</description><version>0.000000</version><serveronly>0</serveronly></exception><exception><exceptioncode>EXP0010</exceptioncode><processmapid /><processmapname /><description>Invoked when a process is stalled.</description><version>0.000000</version><serveronly>0</serveronly></exception><exception><exceptioncode>EXP0013</exceptioncode><processmapid /><processmapname /><description>Invoked when an activity crosses the due date.</description><version>0.000000</version><serveronly>0</serveronly></exception><exception><exceptioncode>EXP0017</exceptioncode><processmapid /><processmapname /><description>Invoked when synchronous processing fails.</description><version>0.000000</version><serveronly>0</serveronly></exception><exception><exceptioncode>EXP0018</exceptioncode><processmapid /><processmapname /><description>Invoked when no usable resource is assigned to an activity.</description><version>0.000000</version><serveronly>0</serveronly></exception><exception><exceptioncode>EXP0019</exceptioncode><processmapid /><processmapname /><description>Invoked when a .NET object fails to execute.</description><version>0.000000</version><serveronly>0</serveronly></exception><exception><exceptioncode>EXP0020</exceptioncode><processmapid /><processmapname /><description>Invoked when a Web Service object fails to execute.</description><version>0.000000</version><serveronly>0</serveronly></exception><exception><exceptioncode>EXP0022</exceptioncode><processmapid /><processmapname /><description>Invoked when a C# Script activity fails to execute when running automatically.</description><version>0.000000</version><serveronly>0</serveronly></exception><exception><exceptioncode>EXP0023</exceptioncode><processmapid /><processmapname /><description>Invoked when a VB .NET Script activity fails to execute.</description><version>0.000000</version><serveronly>0</serveronly></exception><exception><exceptioncode>EXP0025</exceptioncode><processmapid /><processmapname /><description>Invoked when a Data Access activity fails to execute.</description><version>0.000000</version><serveronly>0</serveronly></exception><exception><exceptioncode>EXP0036</exceptioncode><processmapid /><processmapname /><description>Invoked when the transfer of documents to another server fails to execute.</description><version>0.000000</version><serveronly>0</serveronly></exception><exception><exceptioncode>EXP0038</exceptioncode><processmapid /><processmapname /><description>Invoked when any automatic activity fails to execute.</description><version>0.000000</version><serveronly>0</serveronly></exception></exceptions><states /><milestones /><bpescalations /><mapvirtualfolders><virtualfolderstructure></virtualfolderstructure><indexdatacollection /><mapvirtualfolderstructure></mapvirtualfolderstructure></mapvirtualfolders><serverid>22100ABF1AE1D44C8B2CCEDD97930937</serverid><xmlexpressionlist /><ragstatus><amberthreshold>0</amberthreshold><redthreshold>0</redthreshold><blackthreshold>0</blackthreshold><purplethreshold>0</purplethreshold></ragstatus><casedefcomruntime_data /><archivetopi>0</archivetopi><runtime_settings>0</runtime_settings><process_owner_id></process_owner_id><score_rule /><map_valid_from /><map_valid_to /><captureenabled>0</captureenabled><iscaptureprocess>0</iscaptureprocess><reportingtag></reportingtag><settingsxml>&lt;?xml version="1.0" encoding="utf-16"?&gt;
&lt;BusinessProcessSettings xmlns:xsd="http://www.w3.org/2001/XMLSchema" xmlns:xsi="http://www.w3.org/2001/XMLSchema-instance"&gt;
  &lt;CaptureProcessSettings&gt;
    &lt;ClassificationGroup&gt;
      &lt;Id /&gt;
      &lt;AutomaticallyPopulate&gt;true&lt;/AutomaticallyPopulate&gt;
      &lt;Version&gt;0&lt;/Version&gt;
      &lt;Name /&gt;
    &lt;/ClassificationGroup&gt;
    &lt;ScanVrsProfiles&gt;
      &lt;ScanVrsProfileIdentity&gt;
        &lt;Id&gt;C525FA863EB74348961543C740ED00A0&lt;/Id&gt;
        &lt;Name&gt;Default&lt;/Name&gt;
      &lt;/ScanVrsProfileIdentity&gt;
    &lt;/ScanVrsProfiles&gt;
    &lt;SeparationProfile /&gt;
    &lt;DefaultScanVrsProfile&gt;
      &lt;Id&gt;C525FA863EB74348961543C740ED00A0&lt;/Id&gt;
      &lt;Name&gt;Default&lt;/Name&gt;
    &lt;/DefaultScanVrsProfile&gt;
    &lt;DocConversionProfiles /&gt;
    &lt;DefaultDocConversionProfile /&gt;
    &lt;SaveScannedImageAsPageRendition&gt;false&lt;/SaveScannedImageAsPageRendition&gt;
    &lt;PageRendition&gt;0&lt;/PageRendition&gt;
    &lt;PdfTextExtractionMode&gt;0&lt;/PdfTextExtractionMode&gt;
    &lt;AllowRotateReorderImportedImages&gt;true&lt;/AllowRotateReorderImportedImages&gt;
    &lt;AllowSplitMergeDeleteImportedDocument&gt;true&lt;/AllowSplitMergeDeleteImportedDocument&gt;
    &lt;PdfTextWordSeparationChars&gt;/:()-#&lt;/PdfTextWordSeparationChars&gt;
  &lt;/CaptureProcessSettings&gt;
  &lt;RetentionPolicySettings&gt;
    &lt;KeepForever&gt;true&lt;/KeepForever&gt;
    &lt;RetentionPolicyDuration&gt;
      &lt;Years&gt;1&lt;/Years&gt;
      &lt;Months&gt;0&lt;/Months&gt;
      &lt;Days&gt;0&lt;/Days&gt;
      &lt;Hours&gt;0&lt;/Hours&gt;
      &lt;Minutes&gt;0&lt;/Minutes&gt;
    &lt;/RetentionPolicyDuration&gt;
  &lt;/RetentionPolicySettings&gt;
  &lt;MaximumLoopCount&gt;0&lt;/MaximumLoopCount&gt;
&lt;/BusinessProcessSettings&gt;</settingsxml><associateddotnetreferences /><processnotes /><cnjformidentity><id /><name /></cnjformidentity><hasdocumentcontainer>0</hasdocumentcontainer></procdata><entitylist></entitylist><variableslist><variable><varname>CURRENTINDEX</varname><vartype>3</vartype><varvalue>1</varvalue><dynamic>0</dynamic><used_in_skin>0</used_in_skin><entityid>4FEE4E069417475DAC5D2C2E5C95CA49</entityid><entityname>Default Data Grouping</entityname><vardisplayname>Current Index</vardisplayname><variablemembers /></variable><variable><varname>DOCUMENT</varname><vartype>32760</vartype><varvalue>&lt;?xml version="1.0" encoding="utf-16"?&gt;
&lt;DocumentVariableValue xmlns:xsd="http://www.w3.org/2001/XMLSchema" xmlns:xsi="http://www.w3.org/2001/XMLSchema-instance"&gt;
  &lt;DocumentType&gt;298D0A0CFE2342A4BB66E240E9E2967D&lt;/DocumentType&gt;
  &lt;DocumentName&gt;Default Document&lt;/DocumentName&gt;
  &lt;InstanceId /&gt;
&lt;/DocumentVariableValue&gt;</varvalue><dynamic>0</dynamic><used_in_skin>0</used_in_skin><entityid>4FEE4E069417475DAC5D2C2E5C95CA49</entityid><entityname>Default Data Grouping</entityname><vardisplayname>Document</vardisplayname><variablemembers /></variable><variable><varname>DOCUMENTFOLDER</varname><vartype>32759</vartype><varvalue>&lt;?xml version="1.0" encoding="utf-16"?&gt;
&lt;FolderVariableValue xmlns:xsd="http://www.w3.org/2001/XMLSchema" xmlns:xsi="http://www.w3.org/2001/XMLSchema-instance"&gt;
  &lt;FolderType&gt;0BA56967F1FC42EC89758D4674149019&lt;/FolderType&gt;
  &lt;FolderName&gt;Default Folder&lt;/FolderName&gt;
  &lt;InstanceId /&gt;
&lt;/FolderVariableValue&gt;</varvalue><dynamic>0</dynamic><used_in_skin>0</used_in_skin><entityid>4FEE4E069417475DAC5D2C2E5C95CA49</entityid><entityname>Default Data Grouping</entityname><vardisplayname>Document Folder</vardisplayname><variablemembers /></variable><variable><varname>PROCESS_STATUS</varname><vartype>8</vartype><varvalue xml:space="preserve"></varvalue><dynamic>0</dynamic><used_in_skin>0</used_in_skin><entityid>4FEE4E069417475DAC5D2C2E5C95CA49</entityid><entityname>Default Data Grouping</entityname><vardisplayname>Process Status</vardisplayname><variablemembers /></variable><variable><varname>RESPONSEAPIURL</varname><vartype>8</vartype><varvalue xml:space="preserve"></varvalue><dynamic>0</dynamic><used_in_skin>0</used_in_skin><entityid>4FEE4E069417475DAC5D2C2E5C95CA49</entityid><entityname>Default Data Grouping</entityname><vardisplayname>Response API URL</vardisplayname><variablemembers /></variable><variable><varname>RESPONSEDOCID</varname><vartype>8</vartype><varvalue xml:space="preserve"></varvalue><dynamic>0</dynamic><used_in_skin>0</used_in_skin><entityid>4FEE4E069417475DAC5D2C2E5C95CA49</entityid><entityname>Default Data Grouping</entityname><vardisplayname>Response Document ID</vardisplayname><variablemembers /></variable><variable><varname>RESPONSEFILETYPE</varname><vartype>8</vartype><varvalue xml:space="preserve"></varvalue><dynamic>0</dynamic><used_in_skin>0</used_in_skin><entityid>4FEE4E069417475DAC5D2C2E5C95CA49</entityid><entityname>Default Data Grouping</entityname><vardisplayname>Response File Type</vardisplayname><variablemembers /></variable><variable><varname>RESPONSEISFRAUDULENT</varname><vartype>8</vartype><varvalue xml:space="preserve"></varvalue><dynamic>0</dynamic><used_in_skin>0</used_in_skin><entityid>4FEE4E069417475DAC5D2C2E5C95CA49</entityid><entityname>Default Data Grouping</entityname><vardisplayname>Response Is Fraudulent</vardisplayname><variablemembers /></variable><variable><varname>RESPONSEWEBURL</varname><vartype>8</vartype><varvalue xml:space="preserve"></varvalue><dynamic>0</dynamic><used_in_skin>0</used_in_skin><entityid>4FEE4E069417475DAC5D2C2E5C95CA49</entityid><entityname>Default Data Grouping</entityname><vardisplayname>Response Web URL</vardisplayname><variablemembers /></variable><variable><varname>ROWFOUND</varname><vartype>11</vartype><varvalue>0</varvalue><dynamic>0</dynamic><used_in_skin>0</used_in_skin><entityid>4FEE4E069417475DAC5D2C2E5C95CA49</entityid><entityname>Default Data Grouping</entityname><vardisplayname>Row Found</vardisplayname><variablemembers /></variable></variableslist><roleslist /><processeventlist /><nodelist><node><nodetype>1</nodetype><nodedata><processid>15835CD91A42C1737A61F05398DD8DC8</processid><version>5.000000</version><nodeid>1</nodeid><isstartnode>1</isstartnode><nodetype>1</nodetype><designtimetype>32</designtimetype><activationprobability>100</activationprobability><embeddedname></embeddedname><state /><statescope>0</statescope><activitymilestone></activitymilestone><activitymilestonescope>0</activitymilestonescope><activitypendmilestone></activitypendmilestone><activitypendmilestonescope>0</activitypendmilestonescope><activitydonemilestone></activitydonemilestone><activitydonemilestonescope>0</activitydonemilestonescope><nodependevent /><nodependeventscope>0</nodependeventscope><nodedoneevent /><nodedoneeventscope>0</nodedoneeventscope><titleposno>5</titleposno><embeddedproccount>0</embeddedproccount><iscustomnode>0</iscustomnode><designtimesettings>&lt;designtimesettings&gt;&lt;xposition&gt;235&lt;/xposition&gt;&lt;yposition&gt;250&lt;/yposition&gt;&lt;width&gt;90&lt;/width&gt;&lt;height&gt;60&lt;/height&gt;&lt;inheritcolorfromsystem&gt;True&lt;/inheritcolorfromsystem&gt;&lt;colour&gt;#FFE3EDF3&lt;/colour&gt;&lt;textposition&gt;Top&lt;/textposition&gt;&lt;lane&gt;&lt;name /&gt;&lt;index&gt;0&lt;/index&gt;&lt;poolid /&gt;&lt;height&gt;0&lt;/height&gt;&lt;/lane&gt;&lt;annotations /&gt;&lt;attachments /&gt;&lt;resourcenotes /&gt;&lt;/designtimesettings&gt;</designtimesettings><attachments></attachments><annotations></annotations><dependants /><destinationnodes><destinationnode><nodeid>2</nodeid><nodetype>2</nodetype></destinationnode></destinationnodes><originnodes /><branchingrules /><runtimesettings>0</runtimesettings></nodedata><activitydata><inputvariables><inputvariable><varid>SPP_SYSTEM_SESSION_ID</varid></inputvariable><inputvariable><varid>DOCUMENTFOLDER_8A3DFE7947444402A4FB47BD0CA2ADD5</varid></inputvariable><inputvariable><varid>CURRENTINDEX</varid></inputvariable><inputvariable><varid>DOCUMENT</varid></inputvariable><inputvariable><varid>ROWFOUND</varid></inputvariable></inputvariables><outputvariables /><requiredresources /><usableresources /><dynamicresourcesdata><overwriteusableresources>0</overwriteusableresources><dynamicresourcesvariables /></dynamicresourcesdata><targettime>0</targettime><delaytime>0</delaytime><expectedcost>0.000000</expectedcost><securitylevel>10</securitylevel><skilllevel>10</skilllevel><useprevioususer>0</useprevioususer><tasktype>7</tasktype><priority>1</priority><automatic>1</automatic><trackstorejvh>0</trackstorejvh><usesameasprevious>0</usesameasprevious><taskid>0</taskid><usesameasprevioustype>0</usesameasprevioustype><fixedcost>0.000000</fixedcost><taskname>Document Listner</taskname><resourceid /><createdby>500C72DCC2C8467EA244A0434625E4AA</createdby><purpose></purpose><description></description><script></script><processid /><creationdate>2021-04-07T11:17:21.91616</creationdate><transactionalinfo /><createnewjobinfo><cnjprocessid></cnjprocessid><initparams></initparams><outputs></outputs><varid></varid><jobtype>0</jobtype><reftype>0</reftype></createnewjobinfo><scriptprogid></scriptprogid><preloadscript>1</preloadscript><assocfile></assocfile><designinfo /><sleepinfo>0</sleepinfo><jobowneridinfo></jobowneridinfo><jobownervaridinfo></jobownervaridinfo><negativelagtime>0</negativelagtime><dynduedate>0</dynduedate><dynduedatevar /><dyntargetdurationvar /><sendemail>0</sendemail><emailto>0</emailto><subjecttext></subjecttext><subjectvar></subjectvar><contenttext></contenttext><contentvar></contentvar><urltext></urltext><urlvar></urlvar><appendassocfile>0</appendassocfile><dotnet><dotnetactivity><assemblyid>TotalAgility.Sdk.dll</assemblyid><assemblyloadtype>0</assemblyloadtype><assemblyname>TotalAgility.Sdk.dll</assemblyname><classname>TotalAgility.Sdk.ServerService</classname><methodname>ExecuteLoop</methodname><duplicatemethodno>1</duplicatemethodno><noofparams>0</noofparams><paramsmappingxmltag>&lt;parameters&gt;&lt;param direction="in" source="SPP_SYSTEM_SESSION_ID" field="SPP_SYSTEM_SESSION_ID" datatype="System.String" value="SPP_SYSTEM_SESSION_ID" name="sessionId" selection="false" /&gt;&lt;param direction="in" source="DOCUMENTFOLDER_8A3DFE7947444402A4FB47BD0CA2ADD5" field="DOCUMENTFOLDER_8A3DFE7947444402A4FB47BD0CA2ADD5" datatype="System.Object" value="DOCUMENTFOLDER_8A3DFE7947444402A4FB47BD0CA2ADD5" name="complexVariableValue" selection="false" /&gt;&lt;param direction="in" source="inline" field="" datatype="System.Int32" value="1" name="numberOfColumns" selection="false" /&gt;&lt;param direction="in" source="CURRENTINDEX" field="CURRENTINDEX" datatype="System.Int32" value="CURRENTINDEX" name="startIndex" selection="false" /&gt;&lt;param direction="in" source="" field="" datatype="Agility.Sdk.Model.Variables.ComplexVarColumnMapping[]" value="" name="varMembers" selection="false"&gt;&lt;member name="" source="" type="Agility.Sdk.Model.Variables.ComplexVarColumnMapping" value="" field="" selection="false" index="0"&gt;&lt;member name="ColumnIndex" source="inline" type="System.Int32" value="0" field="" selection="false" index="0" /&gt;&lt;member name="Value" source="DOCUMENT" type="System.Object" value="DOCUMENT" field="DOCUMENT" selection="false" index="0" /&gt;&lt;member name="VariableId" source="DOCUMENT" type="System.String" value="DOCUMENT" field="DOCUMENT" selection="false" index="0" /&gt;&lt;/member&gt;&lt;/param&gt;&lt;param direction="ret" source="" field="" datatype="Agility.Sdk.Model.Server.LoopOutput" value="" name="Return Parameter" selection="false"&gt;&lt;member name="UpdatedIndex" source="CURRENTINDEX" type="System.Int32" value="CURRENTINDEX" field="CURRENTINDEX" selection="false" index="0" /&gt;&lt;member name="RowFound" source="ROWFOUND" type="System.Boolean" value="ROWFOUND" field="ROWFOUND" selection="false" index="0" /&gt;&lt;member name="VariableMappings" source="" type="Agility.Sdk.Model.Variables.ComplexVarColumnMapping[]" value="" field="" selection="false" index="0"&gt;&lt;member name="" source="" type="Agility.Sdk.Model.Variables.ComplexVarColumnMapping" value="" field="" selection="false" index="0"&gt;&lt;member name="Value" source="DOCUMENT" type="System.Object" value="DOCUMENT" field="DOCUMENT" selection="false" index="0" /&gt;&lt;/member&gt;&lt;/member&gt;&lt;/param&gt;&lt;/parameters&gt;</paramsmappingxmltag></dotnetactivity></dotnet><webservice /><activityinfo><useadvworkflowrules>0</useadvworkflowrules><seqactivityassignment>0</seqactivityassignment><concuractivityaccess>0</concuractivityaccess><noofusableresourcesreq>0</noofusableresourcesreq><exitcondition></exitcondition><expandgroups>0</expandgroups><noofusableresourcesreqvarid /></activityinfo><categoryid>27A4606113F64752AA207AEB9BB2F08C</categoryid><poolid>0</poolid><activityruntimesettings>0</activityruntimesettings><activityragamberthreshold>0</activityragamberthreshold><activityragredthreshold>0</activityragredthreshold><activityragblackthreshold>0</activityragblackthreshold><activityragpurplethreshold>0</activityragpurplethreshold><form /><xmldata /><dataaccess /><getresourceinfo /><jobvariableinfo /><baminfo /><bpescalations /><preconditionslist /><startmethod></startmethod><classnamespace></classnamespace><resetlimit>-1</resetlimit><activitytimedoutaction>0</activitytimedoutaction><suspendreasontext></suspendreasontext><suspendreasonvarid></suspendreasonvarid></activitydata></node><node><nodetype>2</nodetype><nodedata><processid>15835CD91A42C1737A61F05398DD8DC8</processid><version>5.000000</version><nodeid>2</nodeid><isstartnode>0</isstartnode><nodetype>2</nodetype><designtimetype>0</designtimetype><activationprobability>100</activationprobability><embeddedname></embeddedname><state /><statescope>0</statescope><activitymilestone /><activitymilestonescope>0</activitymilestonescope><activitypendmilestone></activitypendmilestone><activitypendmilestonescope>0</activitypendmilestonescope><activitydonemilestone></activitydonemilestone><activitydonemilestonescope>0</activitydonemilestonescope><nodependevent /><nodependeventscope>0</nodependeventscope><nodedoneevent /><nodedoneeventscope>0</nodedoneeventscope><titleposno>5</titleposno><embeddedproccount>0</embeddedproccount><iscustomnode>0</iscustomnode><designtimesettings>&lt;designtimesettings&gt;&lt;xposition&gt;400&lt;/xposition&gt;&lt;yposition&gt;250&lt;/yposition&gt;&lt;width&gt;60&lt;/width&gt;&lt;height&gt;60&lt;/height&gt;&lt;inheritcolorfromsystem&gt;True&lt;/inheritcolorfromsystem&gt;&lt;colour&gt;#FFD5DC43&lt;/colour&gt;&lt;textposition&gt;Top&lt;/textposition&gt;&lt;lane&gt;&lt;name /&gt;&lt;index&gt;0&lt;/index&gt;&lt;poolid /&gt;&lt;height&gt;0&lt;/height&gt;&lt;/lane&gt;&lt;annotations /&gt;&lt;attachments /&gt;&lt;/designtimesettings&gt;</designtimesettings><attachments></attachments><annotations></annotations><dependants /><destinationnodes><destinationnode><nodeid>4</nodeid><nodetype>6</nodetype></destinationnode><destinationnode><nodeid>5</nodeid><nodetype>1</nodetype></destinationnode></destinationnodes><originnodes><originnode><nodeid>1</nodeid><nodetype>2</nodetype></originnode></originnodes><branchingrules /><runtimesettings>0</runtimesettings></nodedata><decisiondata><decisionname>Document Found</decisionname><description></description><decisiontext>&lt;Rule xmlns:xsd="http://www.w3.org/2001/XMLSchema" xmlns:xsi="http://www.w3.org/2001/XMLSchema-instance"&gt;&lt;RuleInputs&gt;&lt;RuleInput&gt;&lt;Id&gt;ROWFOUND&lt;/Id&gt;&lt;Scope&gt;None&lt;/Scope&gt;&lt;VariableType&gt;Bool&lt;/VariableType&gt;&lt;/RuleInput&gt;&lt;/RuleInputs&gt;&lt;Script&gt;¬ROWFOUND¬&lt;/Script&gt;&lt;RuleType&gt;Decision&lt;/RuleType&gt;&lt;/Rule&gt;</decisiontext><trueid>5</trueid><trackstorejvh>0</trackstorejvh><casesensetive>1</casesensetive><inputvariables><inputvariable><varid>ROWFOUND</varid></inputvariable></inputvariables></decisiondata></node><node><nodetype>6</nodetype><nodedata><processid>15835CD91A42C1737A61F05398DD8DC8</processid><version>5.000000</version><nodeid>4</nodeid><isstartnode>0</isstartnode><nodetype>6</nodetype><designtimetype>0</designtimetype><activationprobability>100</activationprobability><embeddedname></embeddedname><state /><statescope>0</statescope><activitymilestone /><activitymilestonescope>0</activitymilestonescope><activitypendmilestone></activitypendmilestone><activitypendmilestonescope>0</activitypendmilestonescope><activitydonemilestone></activitydonemilestone><activitydonemilestonescope>0</activitydonemilestonescope><nodependevent /><nodependeventscope>0</nodependeventscope><nodedoneevent /><nodedoneeventscope>0</nodedoneeventscope><titleposno>5</titleposno><embeddedproccount>0</embeddedproccount><iscustomnode>0</iscustomnode><designtimesettings>&lt;designtimesettings&gt;&lt;xposition&gt;715&lt;/xposition&gt;&lt;yposition&gt;150&lt;/yposition&gt;&lt;width&gt;30&lt;/width&gt;&lt;height&gt;30&lt;/height&gt;&lt;inheritcolorfromsystem&gt;True&lt;/inheritcolorfromsystem&gt;&lt;colour&gt;#FF9B0000&lt;/colour&gt;&lt;eventtype&gt;Default&lt;/eventtype&gt;&lt;name&gt;End&lt;/name&gt;&lt;textposition&gt;Top&lt;/textposition&gt;&lt;lane&gt;&lt;name /&gt;&lt;index&gt;0&lt;/index&gt;&lt;poolid /&gt;&lt;height&gt;0&lt;/height&gt;&lt;/lane&gt;&lt;annotations /&gt;&lt;attachments /&gt;&lt;/designtimesettings&gt;</designtimesettings><attachments></attachments><annotations></annotations><dependants /><destinationnodes /><originnodes><originnode><nodeid>2</nodeid><nodetype>6</nodetype></originnode></originnodes><branchingrules /><runtimesettings>0</runtimesettings></nodedata></node><node><nodetype>1</nodetype><nodedata><processid>15835CD91A42C1737A61F05398DD8DC8</processid><version>5.000000</version><nodeid>5</nodeid><isstartnode>0</isstartnode><nodetype>1</nodetype><designtimetype>10</designtimetype><activationprobability>100</activationprobability><embeddedname></embeddedname><state /><statescope>0</statescope><activitymilestone></activitymilestone><activitymilestonescope>0</activitymilestonescope><activitypendmilestone></activitypendmilestone><activitypendmilestonescope>0</activitypendmilestonescope><activitydonemilestone></activitydonemilestone><activitydonemilestonescope>0</activitydonemilestonescope><nodependevent /><nodependeventscope>0</nodependeventscope><nodedoneevent /><nodedoneeventscope>0</nodedoneeventscope><titleposno>5</titleposno><embeddedproccount>0</embeddedproccount><iscustomnode>0</iscustomnode><designtimesettings>&lt;designtimesettings&gt;&lt;xposition&gt;550&lt;/xposition&gt;&lt;yposition&gt;350&lt;/yposition&gt;&lt;width&gt;90&lt;/width&gt;&lt;height&gt;60&lt;/height&gt;&lt;inheritcolorfromsystem&gt;True&lt;/inheritcolorfromsystem&gt;&lt;colour&gt;#FFE3EDF3&lt;/colour&gt;&lt;textposition&gt;Top&lt;/textposition&gt;&lt;lane&gt;&lt;name /&gt;&lt;index&gt;0&lt;/index&gt;&lt;poolid /&gt;&lt;height&gt;0&lt;/height&gt;&lt;/lane&gt;&lt;annotations /&gt;&lt;attachments /&gt;&lt;resourcenotes /&gt;&lt;/designtimesettings&gt;</designtimesettings><attachments></attachments><annotations></annotations><dependants /><destinationnodes><destinationnode><nodeid>6</nodeid><nodetype>2</nodetype></destinationnode></destinationnodes><originnodes><originnode><nodeid>2</nodeid><nodetype>1</nodetype></originnode></originnodes><branchingrules /><runtimesettings>0</runtimesettings></nodedata><activitydata><inputvariables><inputvariable><varid>INSCRIBE_UPLOADDOC_URL</varid></inputvariable><inputvariable><varid>CUSTOMERID</varid></inputvariable><inputvariable><varid>INSCRIBE_AUTHKEY</varid></inputvariable><inputvariable><varid>UPLOADDIRECTORY</varid></inputvariable><inputvariable><varid>DOCUMENT_1F8220766FAF42278F5CF8081DBF6D87</varid></inputvariable><inputvariable><varid>RESPONSEDOCID</varid></inputvariable><inputvariable><varid>RESPONSEAPIURL</varid></inputvariable><inputvariable><varid>RESPONSEWEBURL</varid></inputvariable></inputvariables><outputvariables /><requiredresources /><usableresources /><dynamicresourcesdata><overwriteusableresources>0</overwriteusableresources><dynamicresourcesvariables /></dynamicresourcesdata><targettime>0</targettime><delaytime>0</delaytime><expectedcost>0.000000</expectedcost><securitylevel>10</securitylevel><skilllevel>10</skilllevel><useprevioususer>0</useprevioususer><tasktype>7</tasktype><priority>1</priority><automatic>1</automatic><trackstorejvh>0</trackstorejvh><usesameasprevious>0</usesameasprevious><taskid>0</taskid><usesameasprevioustype>0</usesameasprevioustype><fixedcost>0.000000</fixedcost><taskname>Upload Document</taskname><resourceid /><createdby>500C72DCC2C8467EA244A0434625E4AA</createdby><purpose></purpose><description></description><script></script><processid /><creationdate>2021-04-07T11:17:21.92016</creationdate><transactionalinfo /><createnewjobinfo><cnjprocessid></cnjprocessid><initparams></initparams><outputs></outputs><varid></varid><jobtype>0</jobtype><reftype>0</reftype></createnewjobinfo><scriptprogid></scriptprogid><preloadscript>1</preloadscript><assocfile></assocfile><designinfo /><sleepinfo>0</sleepinfo><jobowneridinfo></jobowneridinfo><jobownervaridinfo></jobownervaridinfo><negativelagtime>0</negativelagtime><dynduedate>0</dynduedate><dynduedatevar /><dyntargetdurationvar /><sendemail>0</sendemail><emailto>0</emailto><subjecttext></subjecttext><subjectvar></subjectvar><contenttext></contenttext><contentvar></contentvar><urltext></urltext><urlvar></urlvar><appendassocfile>0</appendassocfile><dotnet><dotnetactivity><assemblyid>InscribeAPIWork.dll</assemblyid><assemblyloadtype>3</assemblyloadtype><assemblyname>InscribeAPIWork.dll</assemblyname><classname>InscribeAPIWork.APIMethodClass</classname><methodname>UploadFiles</methodname><duplicatemethodno>1</duplicatemethodno><noofparams>0</noofparams><paramsmappingxmltag>&lt;parameters&gt;&lt;param direction="in" source="INSCRIBE_UPLOADDOC_URL" field="INSCRIBE_UPLOADDOC_URL" datatype="System.String" value="INSCRIBE_UPLOADDOC_URL" name="URL" selection="false" /&gt;&lt;param direction="in" source="CUSTOMERID" field="CUSTOMERID" datatype="System.String" value="CUSTOMERID" name="CustomerID" selection="false" /&gt;&lt;param direction="in" source="INSCRIBE_AUTHKEY" field="INSCRIBE_AUTHKEY" datatype="System.String" value="INSCRIBE_AUTHKEY" name="AuthorizationID" selection="false" /&gt;&lt;param direction="in" source="UPLOADDIRECTORY" field="UPLOADDIRECTORY" datatype="System.String" value="UPLOADDIRECTORY" name="FilePath" selection="false" /&gt;&lt;param direction="in" source="DOCUMENT_1F8220766FAF42278F5CF8081DBF6D87" field="DOCUMENT_1F8220766FAF42278F5CF8081DBF6D87" datatype="System.String" value="DOCUMENT_1F8220766FAF42278F5CF8081DBF6D87" name="DocumentName" selection="false" /&gt;&lt;param direction="ret" source="" field="" datatype="System.String[]" value="" name="Return Parameter" selection="false"&gt;&lt;member source="RESPONSEDOCID" type="System.String" value="RESPONSEDOCID" field="RESPONSEDOCID" selection="false" index="0" /&gt;&lt;member source="RESPONSEAPIURL" type="System.String" value="RESPONSEAPIURL" field="RESPONSEAPIURL" selection="false" index="0" /&gt;&lt;member source="RESPONSEWEBURL" type="System.String" value="RESPONSEWEBURL" field="RESPONSEWEBURL" selection="false" index="0" /&gt;&lt;/param&gt;&lt;/parameters&gt;</paramsmappingxmltag></dotnetactivity></dotnet><webservice /><activityinfo><useadvworkflowrules>0</useadvworkflowrules><seqactivityassignment>0</seqactivityassignment><concuractivityaccess>0</concuractivityaccess><noofusableresourcesreq>0</noofusableresourcesreq><exitcondition></exitcondition><expandgroups>0</expandgroups><noofusableresourcesreqvarid /></activityinfo><categoryid>27A4606113F64752AA207AEB9BB2F08C</categoryid><poolid>0</poolid><activityruntimesettings>0</activityruntimesettings><activityragamberthreshold>0</activityragamberthreshold><activityragredthreshold>0</activityragredthreshold><activityragblackthreshold>0</activityragblackthreshold><activityragpurplethreshold>0</activityragpurplethreshold><form /><xmldata /><dataaccess /><getresourceinfo /><jobvariableinfo /><baminfo /><bpescalations /><preconditionslist /><startmethod></startmethod><classnamespace></classnamespace><resetlimit>-1</resetlimit><activitytimedoutaction>0</activitytimedoutaction><suspendreasontext></suspendreasontext><suspendreasonvarid></suspendreasonvarid></activitydata></node><node><nodetype>2</nodetype><nodedata><processid>15835CD91A42C1737A61F05398DD8DC8</processid><version>5.000000</version><nodeid>6</nodeid><isstartnode>0</isstartnode><nodetype>2</nodetype><designtimetype>0</designtimetype><activationprobability>100</activationprobability><embeddedname></embeddedname><state /><statescope>0</statescope><activitymilestone /><activitymilestonescope>0</activitymilestonescope><activitypendmilestone></activitypendmilestone><activitypendmilestonescope>0</activitypendmilestonescope><activitydonemilestone></activitydonemilestone><activitydonemilestonescope>0</activitydonemilestonescope><nodependevent /><nodependeventscope>0</nodependeventscope><nodedoneevent /><nodedoneeventscope>0</nodedoneeventscope><titleposno>5</titleposno><embeddedproccount>0</embeddedproccount><iscustomnode>0</iscustomnode><designtimesettings>&lt;designtimesettings&gt;&lt;xposition&gt;715&lt;/xposition&gt;&lt;yposition&gt;350&lt;/yposition&gt;&lt;width&gt;60&lt;/width&gt;&lt;height&gt;60&lt;/height&gt;&lt;inheritcolorfromsystem&gt;True&lt;/inheritcolorfromsystem&gt;&lt;colour&gt;#FFD5DC43&lt;/colour&gt;&lt;textposition&gt;Top&lt;/textposition&gt;&lt;lane&gt;&lt;name /&gt;&lt;index&gt;0&lt;/index&gt;&lt;poolid /&gt;&lt;height&gt;0&lt;/height&gt;&lt;/lane&gt;&lt;annotations /&gt;&lt;attachments /&gt;&lt;/designtimesettings&gt;</designtimesettings><attachments></attachments><annotations></annotations><dependants /><destinationnodes><destinationnode><nodeid>7</nodeid><nodetype>6</nodetype></destinationnode><destinationnode><nodeid>9</nodeid><nodetype>1</nodetype></destinationnode></destinationnodes><originnodes><originnode><nodeid>5</nodeid><nodetype>2</nodetype></originnode></originnodes><branchingrules /><runtimesettings>0</runtimesettings></nodedata><decisiondata><decisionname>IF error occurred</decisionname><description></description><decisiontext>&lt;Rule xmlns:xsd="http://www.w3.org/2001/XMLSchema" xmlns:xsi="http://www.w3.org/2001/XMLSchema-instance"&gt;&lt;RuleInputs&gt;&lt;RuleInput&gt;&lt;Id&gt;RESPONSEDOCID&lt;/Id&gt;&lt;Scope&gt;None&lt;/Scope&gt;&lt;VariableType&gt;String&lt;/VariableType&gt;&lt;/RuleInput&gt;&lt;/RuleInputs&gt;&lt;Script&gt;¬RESPONSEDOCID¬ = "ERROR"&lt;/Script&gt;&lt;RuleType&gt;Decision&lt;/RuleType&gt;&lt;/Rule&gt;</decisiontext><trueid>7</trueid><trackstorejvh>0</trackstorejvh><casesensetive>1</casesensetive><inputvariables><inputvariable><varid>RESPONSEDOCID</varid></inputvariable></inputvariables></decisiondata></node><node><nodetype>6</nodetype><nodedata><processid>15835CD91A42C1737A61F05398DD8DC8</processid><version>5.000000</version><nodeid>7</nodeid><isstartnode>0</isstartnode><nodetype>6</nodetype><designtimetype>0</designtimetype><activationprobability>100</activationprobability><embeddedname></embeddedname><state /><statescope>0</statescope><activitymilestone /><activitymilestonescope>0</activitymilestonescope><activitypendmilestone></activitypendmilestone><activitypendmilestonescope>0</activitypendmilestonescope><activitydonemilestone></activitydonemilestone><activitydonemilestonescope>0</activitydonemilestonescope><nodependevent /><nodependeventscope>0</nodependeventscope><nodedoneevent /><nodedoneeventscope>0</nodedoneeventscope><titleposno>5</titleposno><embeddedproccount>0</embeddedproccount><iscustomnode>0</iscustomnode><designtimesettings>&lt;designtimesettings&gt;&lt;xposition&gt;865&lt;/xposition&gt;&lt;yposition&gt;250&lt;/yposition&gt;&lt;width&gt;30&lt;/width&gt;&lt;height&gt;30&lt;/height&gt;&lt;inheritcolorfromsystem&gt;True&lt;/inheritcolorfromsystem&gt;&lt;colour&gt;#FF9B0000&lt;/colour&gt;&lt;eventtype&gt;Default&lt;/eventtype&gt;&lt;name&gt;End&lt;/name&gt;&lt;textposition&gt;Top&lt;/textposition&gt;&lt;lane&gt;&lt;name /&gt;&lt;index&gt;0&lt;/index&gt;&lt;poolid /&gt;&lt;height&gt;0&lt;/height&gt;&lt;/lane&gt;&lt;annotations /&gt;&lt;attachments /&gt;&lt;/designtimesettings&gt;</designtimesettings><attachments></attachments><annotations></annotations><dependants /><destinationnodes /><originnodes><originnode><nodeid>6</nodeid><nodetype>6</nodetype></originnode></originnodes><branchingrules /><runtimesettings>0</runtimesettings></nodedata></node><node><nodetype>1</nodetype><nodedata><processid>15835CD91A42C1737A61F05398DD8DC8</processid><version>5.000000</version><nodeid>8</nodeid><isstartnode>0</isstartnode><nodetype>1</nodetype><designtimetype>10</designtimetype><activationprobability>100</activationprobability><embeddedname></embeddedname><state /><statescope>0</statescope><activitymilestone></activitymilestone><activitymilestonescope>0</activitymilestonescope><activitypendmilestone></activitypendmilestone><activitypendmilestonescope>0</activitypendmilestonescope><activitydonemilestone></activitydonemilestone><activitydonemilestonescope>0</activitydonemilestonescope><nodependevent /><nodependeventscope>0</nodependeventscope><nodedoneevent /><nodedoneeventscope>0</nodedoneeventscope><titleposno>5</titleposno><embeddedproccount>0</embeddedproccount><iscustomnode>0</iscustomnode><designtimesettings>&lt;designtimesettings&gt;&lt;xposition&gt;984&lt;/xposition&gt;&lt;yposition&gt;454&lt;/yposition&gt;&lt;width&gt;90&lt;/width&gt;&lt;height&gt;60&lt;/height&gt;&lt;inheritcolorfromsystem&gt;True&lt;/inheritcolorfromsystem&gt;&lt;colour&gt;#FFE3EDF3&lt;/colour&gt;&lt;textposition&gt;Top&lt;/textposition&gt;&lt;lane&gt;&lt;name /&gt;&lt;index&gt;0&lt;/index&gt;&lt;poolid /&gt;&lt;height&gt;0&lt;/height&gt;&lt;/lane&gt;&lt;annotations /&gt;&lt;attachments /&gt;&lt;resourcenotes /&gt;&lt;/designtimesettings&gt;</designtimesettings><attachments></attachments><annotations></annotations><dependants /><destinationnodes><destinationnode><nodeid>10</nodeid><nodetype>1</nodetype></destinationnode></destinationnodes><originnodes><originnode><nodeid>9</nodeid><nodetype>1</nodetype></originnode></originnodes><branchingrules /><runtimesettings>0</runtimesettings></nodedata><activitydata><inputvariables><inputvariable><varid>RESPONSEAPIURL</varid></inputvariable><inputvariable><varid>INSCRIBE_AUTHKEY</varid></inputvariable><inputvariable><varid>RESPONSEISFRAUDULENT</varid></inputvariable><inputvariable><varid>RESPONSEFILETYPE</varid></inputvariable><inputvariable><varid>PROCESS_STATUS</varid></inputvariable></inputvariables><outputvariables /><requiredresources /><usableresources /><dynamicresourcesdata><overwriteusableresources>0</overwriteusableresources><dynamicresourcesvariables /></dynamicresourcesdata><targettime>0</targettime><delaytime>0</delaytime><expectedcost>0.000000</expectedcost><securitylevel>10</securitylevel><skilllevel>10</skilllevel><useprevioususer>0</useprevioususer><tasktype>7</tasktype><priority>1</priority><automatic>1</automatic><trackstorejvh>0</trackstorejvh><usesameasprevious>0</usesameasprevious><taskid>0</taskid><usesameasprevioustype>0</usesameasprevioustype><fixedcost>0.000000</fixedcost><taskname>Get document result</taskname><resourceid /><createdby>500C72DCC2C8467EA244A0434625E4AA</createdby><purpose></purpose><description></description><script></script><processid /><creationdate>2021-04-07T11:17:21.92245</creationdate><transactionalinfo /><createnewjobinfo><cnjprocessid></cnjprocessid><initparams></initparams><outputs></outputs><varid></varid><jobtype>0</jobtype><reftype>0</reftype></createnewjobinfo><scriptprogid></scriptprogid><preloadscript>1</preloadscript><assocfile></assocfile><designinfo /><sleepinfo>0</sleepinfo><jobowneridinfo></jobowneridinfo><jobownervaridinfo></jobownervaridinfo><negativelagtime>0</negativelagtime><dynduedate>0</dynduedate><dynduedatevar /><dyntargetdurationvar /><sendemail>0</sendemail><emailto>0</emailto><subjecttext></subjecttext><subjectvar></subjectvar><contenttext></contenttext><contentvar></contentvar><urltext></urltext><urlvar></urlvar><appendassocfile>0</appendassocfile><dotnet><dotnetactivity><assemblyid>InscribeAPIWork.dll</assemblyid><assemblyloadtype>3</assemblyloadtype><assemblyname>InscribeAPIWork.dll</assemblyname><classname>InscribeAPIWork.APIMethodClass</classname><methodname>GetResult</methodname><duplicatemethodno>1</duplicatemethodno><noofparams>0</noofparams><paramsmappingxmltag>&lt;parameters&gt;&lt;param direction="in" source="RESPONSEAPIURL" field="RESPONSEAPIURL" datatype="System.String" value="RESPONSEAPIURL" name="URL" selection="false" /&gt;&lt;param direction="in" source="INSCRIBE_AUTHKEY" field="INSCRIBE_AUTHKEY" datatype="System.String" value="INSCRIBE_AUTHKEY" name="AuthCode" selection="false" /&gt;&lt;param direction="ret" source="" field="" datatype="System.String[]" value="" name="Return Parameter" selection="false"&gt;&lt;member source="RESPONSEISFRAUDULENT" type="System.String" value="RESPONSEISFRAUDULENT" field="RESPONSEISFRAUDULENT" selection="false" index="0" /&gt;&lt;member source="RESPONSEFILETYPE" type="System.String" value="RESPONSEFILETYPE" field="RESPONSEFILETYPE" selection="false" index="0" /&gt;&lt;member source="PROCESS_STATUS" type="System.String" value="PROCESS_STATUS" field="PROCESS_STATUS" selection="false" index="0" /&gt;&lt;/param&gt;&lt;/parameters&gt;</paramsmappingxmltag></dotnetactivity></dotnet><webservice /><activityinfo><useadvworkflowrules>0</useadvworkflowrules><seqactivityassignment>0</seqactivityassignment><concuractivityaccess>0</concuractivityaccess><noofusableresourcesreq>0</noofusableresourcesreq><exitcondition></exitcondition><expandgroups>0</expandgroups><noofusableresourcesreqvarid /></activityinfo><categoryid>27A4606113F64752AA207AEB9BB2F08C</categoryid><poolid>0</poolid><activityruntimesettings>0</activityruntimesettings><activityragamberthreshold>0</activityragamberthreshold><activityragredthreshold>0</activityragredthreshold><activityragblackthreshold>0</activityragblackthreshold><activityragpurplethreshold>0</activityragpurplethreshold><form /><xmldata /><dataaccess /><getresourceinfo /><jobvariableinfo /><baminfo /><bpescalations /><preconditionslist /><startmethod></startmethod><classnamespace></classnamespace><resetlimit>-1</resetlimit><activitytimedoutaction>0</activitytimedoutaction><suspendreasontext></suspendreasontext><suspendreasonvarid></suspendreasonvarid></activitydata></node><node><nodetype>1</nodetype><nodedata><processid>15835CD91A42C1737A61F05398DD8DC8</processid><version>5.000000</version><nodeid>9</nodeid><isstartnode>0</isstartnode><nodetype>1</nodetype><designtimetype>23</designtimetype><activationprobability>100</activationprobability><embeddedname></embeddedname><state /><statescope>0</statescope><activitymilestone></activitymilestone><activitymilestonescope>0</activitymilestonescope><activitypendmilestone></activitypendmilestone><activitypendmilestonescope>0</activitypendmilestonescope><activitydonemilestone></activitydonemilestone><activitydonemilestonescope>0</activitydonemilestonescope><nodependevent /><nodependeventscope>0</nodependeventscope><nodedoneevent /><nodedoneeventscope>0</nodedoneeventscope><titleposno>5</titleposno><embeddedproccount>0</embeddedproccount><iscustomnode>0</iscustomnode><designtimesettings>&lt;designtimesettings&gt;&lt;xposition&gt;817&lt;/xposition&gt;&lt;yposition&gt;454&lt;/yposition&gt;&lt;width&gt;90&lt;/width&gt;&lt;height&gt;60&lt;/height&gt;&lt;inheritcolorfromsystem&gt;True&lt;/inheritcolorfromsystem&gt;&lt;colour&gt;#FFE3EDF3&lt;/colour&gt;&lt;textposition&gt;Top&lt;/textposition&gt;&lt;lane&gt;&lt;name /&gt;&lt;index&gt;0&lt;/index&gt;&lt;poolid /&gt;&lt;height&gt;0&lt;/height&gt;&lt;/lane&gt;&lt;annotations /&gt;&lt;attachments /&gt;&lt;resourcenotes /&gt;&lt;/designtimesettings&gt;</designtimesettings><attachments></attachments><annotations></annotations><dependants /><destinationnodes><destinationnode><nodeid>8</nodeid><nodetype>1</nodetype></destinationnode></destinationnodes><originnodes><originnode><nodeid>6</nodeid><nodetype>1</nodetype></originnode></originnodes><branchingrules /><runtimesettings>0</runtimesettings></nodedata><activitydata><inputvariables /><outputvariables /><requiredresources /><usableresources /><dynamicresourcesdata><overwriteusableresources>0</overwriteusableresources><dynamicresourcesvariables /></dynamicresourcesdata><targettime>0</targettime><delaytime>0</delaytime><expectedcost>0.000000</expectedcost><securitylevel>10</securitylevel><skilllevel>10</skilllevel><useprevioususer>0</useprevioususer><tasktype>16</tasktype><priority>1</priority><automatic>1</automatic><trackstorejvh>0</trackstorejvh><usesameasprevious>0</usesameasprevious><taskid>0</taskid><usesameasprevioustype>0</usesameasprevioustype><fixedcost>0.000000</fixedcost><taskname>Wait for document</taskname><resourceid /><createdby>500C72DCC2C8467EA244A0434625E4AA</createdby><purpose></purpose><description></description><script></script><processid /><creationdate>2021-04-07T11:17:21.92447</creationdate><transactionalinfo /><createnewjobinfo><cnjprocessid></cnjprocessid><initparams></initparams><outputs></outputs><varid></varid><jobtype>0</jobtype><reftype>0</reftype></createnewjobinfo><scriptprogid></scriptprogid><preloadscript>1</preloadscript><assocfile></assocfile><designinfo /><sleepinfo>10</sleepinfo><jobowneridinfo></jobowneridinfo><jobownervaridinfo></jobownervaridinfo><negativelagtime>0</negativelagtime><dynduedate>0</dynduedate><dynduedatevar /><dyntargetdurationvar /><sendemail>0</sendemail><emailto>0</emailto><subjecttext></subjecttext><subjectvar></subjectvar><contenttext></contenttext><contentvar></contentvar><urltext></urltext><urlvar></urlvar><appendassocfile>0</appendassocfile><dotnet /><webservice /><activityinfo><useadvworkflowrules>0</useadvworkflowrules><seqactivityassignment>0</seqactivityassignment><concuractivityaccess>0</concuractivityaccess><noofusableresourcesreq>0</noofusableresourcesreq><exitcondition></exitcondition><expandgroups>0</expandgroups><noofusableresourcesreqvarid /></activityinfo><categoryid>27A4606113F64752AA207AEB9BB2F08C</categoryid><poolid>0</poolid><activityruntimesettings>0</activityruntimesettings><activityragamberthreshold>0</activityragamberthreshold><activityragredthreshold>0</activityragredthreshold><activityragblackthreshold>0</activityragblackthreshold><activityragpurplethreshold>0</activityragpurplethreshold><form /><xmldata /><dataaccess /><getresourceinfo /><jobvariableinfo /><baminfo /><bpescalations /><preconditionslist /><startmethod></startmethod><classnamespace></classnamespace><resetlimit>-1</resetlimit><activitytimedoutaction>0</activitytimedoutaction><suspendreasontext></suspendreasontext><suspendreasonvarid></suspendreasonvarid></activitydata></node><node><nodetype>1</nodetype><nodedata><processid>15835CD91A42C1737A61F05398DD8DC8</processid><version>5.000000</version><nodeid>10</nodeid><isstartnode>0</isstartnode><nodetype>1</nodetype><designtimetype>1</designtimetype><activationprobability>100</activationprobability><embeddedname></embeddedname><state /><statescope>0</statescope><activitymilestone></activitymilestone><activitymilestonescope>0</activitymilestonescope><activitypendmilestone></activitypendmilestone><activitypendmilestonescope>0</activitypendmilestonescope><activitydonemilestone></activitydonemilestone><activitydonemilestonescope>0</activitydonemilestonescope><nodependevent /><nodependeventscope>0</nodependeventscope><nodedoneevent /><nodedoneeventscope>0</nodedoneeventscope><titleposno>5</titleposno><embeddedproccount>0</embeddedproccount><iscustomnode>0</iscustomnode><designtimesettings>&lt;designtimesettings&gt;&lt;xposition&gt;1149&lt;/xposition&gt;&lt;yposition&gt;454&lt;/yposition&gt;&lt;width&gt;90&lt;/width&gt;&lt;height&gt;60&lt;/height&gt;&lt;inheritcolorfromsystem&gt;True&lt;/inheritcolorfromsystem&gt;&lt;colour&gt;#FFE3EDF3&lt;/colour&gt;&lt;textposition&gt;Top&lt;/textposition&gt;&lt;lane&gt;&lt;name /&gt;&lt;index&gt;0&lt;/index&gt;&lt;poolid /&gt;&lt;height&gt;0&lt;/height&gt;&lt;/lane&gt;&lt;annotations /&gt;&lt;attachments /&gt;&lt;resourcenotes /&gt;&lt;/designtimesettings&gt;</designtimesettings><attachments></attachments><annotations></annotations><dependants /><destinationnodes><destinationnode><nodeid>11</nodeid><nodetype>6</nodetype></destinationnode></destinationnodes><originnodes><originnode><nodeid>8</nodeid><nodetype>1</nodetype></originnode></originnodes><branchingrules /><runtimesettings>0</runtimesettings></nodedata><activitydata><inputvariables><inputvariable><varid>DOCUMENT_1F8220766FAF42278F5CF8081DBF6D87</varid></inputvariable><inputvariable><varid>PROCESS_STATUS</varid></inputvariable><inputvariable><varid>RESPONSEFILETYPE</varid></inputvariable><inputvariable><varid>RESPONSEISFRAUDULENT</varid></inputvariable><inputvariable><varid>RESPONSEWEBURL</varid></inputvariable></inputvariables><outputvariables /><requiredresources /><usableresources><resource><resourcetype>3</resourcetype><resourcename>Everyone</resourcename><resourceid>7DF43CCDF24611D2804B00104B71BD15</resourceid><serverid>22100ABF1AE1D44C8B2CCEDD97930937</serverid><unavailability>Default</unavailability><accesstype>0</accesstype><seqassignorder>1</seqassignorder><excluded>0</excluded></resource></usableresources><dynamicresourcesdata><overwriteusableresources>0</overwriteusableresources><dynamicresourcesvariables /></dynamicresourcesdata><targettime>0</targettime><delaytime>0</delaytime><expectedcost>0.000000</expectedcost><securitylevel>10</securitylevel><skilllevel>10</skilllevel><useprevioususer>0</useprevioususer><tasktype>2</tasktype><priority>1</priority><automatic>0</automatic><trackstorejvh>0</trackstorejvh><usesameasprevious>0</usesameasprevious><taskid>0</taskid><usesameasprevioustype>0</usesameasprevioustype><fixedcost>0.000000</fixedcost><taskname>Form</taskname><resourceid /><createdby>500C72DCC2C8467EA244A0434625E4AA</createdby><purpose></purpose><description></description><script></script><processid /><creationdate>2021-04-07T11:17:21.92663</creationdate><transactionalinfo /><createnewjobinfo><cnjprocessid></cnjprocessid><initparams></initparams><outputs></outputs><varid></varid><jobtype>0</jobtype><reftype>0</reftype></createnewjobinfo><scriptprogid></scriptprogid><preloadscript>1</preloadscript><assocfile>InscribeWorkFlowFormV1.form</assocfile><designinfo /><sleepinfo>0</sleepinfo><jobowneridinfo></jobowneridinfo><jobownervaridinfo></jobownervaridinfo><negativelagtime>0</negativelagtime><dynduedate>0</dynduedate><dynduedatevar /><dyntargetdurationvar /><sendemail>0</sendemail><emailto>0</emailto><subjecttext></subjecttext><subjectvar></subjectvar><contenttext></contenttext><contentvar></contentvar><urltext></urltext><urlvar></urlvar><appendassocfile>0</appendassocfile><dotnet /><webservice /><activityinfo><useadvworkflowrules>0</useadvworkflowrules><seqactivityassignment>0</seqactivityassignment><concuractivityaccess>0</concuractivityaccess><noofusableresourcesreq>0</noofusableresourcesreq><exitcondition></exitcondition><expandgroups>0</expandgroups><noofusableresourcesreqvarid /></activityinfo><categoryid>27A4606113F64752AA207AEB9BB2F08C</categoryid><poolid>0</poolid><activityruntimesettings>0</activityruntimesettings><activityragamberthreshold>0</activityragamberthreshold><activityragredthreshold>0</activityragredthreshold><activityragblackthreshold>0</activityragblackthreshold><activityragpurplethreshold>0</activityragpurplethreshold><form /><xmldata /><dataaccess /><getresourceinfo /><jobvariableinfo /><baminfo /><bpescalations /><preconditionslist /><startmethod></startmethod><classnamespace></classnamespace><resetlimit>-1</resetlimit><activitytimedoutaction>0</activitytimedoutaction><suspendreasontext></suspendreasontext><suspendreasonvarid></suspendreasonvarid></activitydata></node><node><nodetype>6</nodetype><nodedata><processid>15835CD91A42C1737A61F05398DD8DC8</processid><version>5.000000</version><nodeid>11</nodeid><isstartnode>0</isstartnode><nodetype>6</nodetype><designtimetype>0</designtimetype><activationprobability>100</activationprobability><embeddedname></embeddedname><state /><statescope>0</statescope><activitymilestone /><activitymilestonescope>0</activitymilestonescope><activitypendmilestone></activitypendmilestone><activitypendmilestonescope>0</activitypendmilestonescope><activitydonemilestone></activitydonemilestone><activitydonemilestonescope>0</activitydonemilestonescope><nodependevent /><nodependeventscope>0</nodependeventscope><nodedoneevent /><nodedoneeventscope>0</nodedoneeventscope><titleposno>5</titleposno><embeddedproccount>0</embeddedproccount><iscustomnode>0</iscustomnode><designtimesettings>&lt;designtimesettings&gt;&lt;xposition&gt;1314&lt;/xposition&gt;&lt;yposition&gt;454&lt;/yposition&gt;&lt;width&gt;30&lt;/width&gt;&lt;height&gt;30&lt;/height&gt;&lt;inheritcolorfromsystem&gt;True&lt;/inheritcolorfromsystem&gt;&lt;colour&gt;#FF9B0000&lt;/colour&gt;&lt;eventtype&gt;Default&lt;/eventtype&gt;&lt;name&gt;End&lt;/name&gt;&lt;textposition&gt;Top&lt;/textposition&gt;&lt;lane&gt;&lt;name /&gt;&lt;index&gt;0&lt;/index&gt;&lt;poolid /&gt;&lt;height&gt;0&lt;/height&gt;&lt;/lane&gt;&lt;annotations /&gt;&lt;attachments /&gt;&lt;/designtimesettings&gt;</designtimesettings><attachments></attachments><annotations></annotations><dependants /><destinationnodes /><originnodes><originnode><nodeid>10</nodeid><nodetype>6</nodetype></originnode></originnodes><branchingrules /><runtimesettings>0</runtimesettings></nodedata></node></nodelist><documentprocessrulecollection /></processmap></processmaps>